Time,V1,V2,V3,V4,V5,V6,V7,V8,V9,V10,V11,V12,V13,V14,V15,V16,V17,V18,V19,V20,V21,V22,V23,V24,V25,V26,V27,V28,Amount,Class
0,-1.359807134,-0.072781173,2.536346738,1.378155224,-0.33832077,0.462387778,0.239598554,0.098697901,0.36378697,0.090794172,-0.551599533,-0.617800856,-0.991389847,-0.311169354,1.468176972,-0.470400525,0.207971242,0.02579058,0.40399296,0.251412098,-0.018306778,0.277837576,-0.11047391,0.066928075,0.128539358,-0.189114844,0.133558377,-0.021053053,149.62,0
4,1.229657635,0.141003507,0.045370774,1.202612737,0.191880989,0.272708123,-0.005159003,0.08121294,0.464959995,-0.099254321,-1.416907243,-0.153825826,-0.751062716,0.167371963,0.050143594,-0.443586798,0.002820512,-0.61198734,-0.045575045,-0.219632553,-0.167716266,-0.270709726,-0.154103787,-0.780055415,0.750136936,-0.257236846,0.03450743,0.005167769,4.99,0
10,1.249998742,-1.221636809,0.383930151,-1.234898688,-1.485419474,-0.753230165,-0.689404975,-0.227487228,-2.094010573,1.323729274,0.227666231,-0.242681999,1.205416808,-0.317630527,0.72567499,-0.815612186,0.873936448,-0.847788599,-0.683192626,-0.102755942,-0.231809239,-0.48328533,0.084667691,0.392830885,0.161134554,-0.35499004,0.026415549,0.042422089,121.5,0
12,-0.752417043,0.345485415,2.057322913,-1.468643298,-1.15839368,-0.077849829,-0.608581418,0.003603484,-0.436166984,0.747730827,-0.793980603,-0.770406729,1.047626997,-1.066603681,1.106953457,1.660113557,-0.279265373,-0.419994141,0.432535349,0.263450864,0.499624955,1.353650486,-0.25657328,-0.065083708,-0.039124354,-0.087086473,-0.1809975,0.129394059,15.99,0
15,1.492935977,-1.029345732,0.454794734,-1.43802588,-1.555434101,-0.720961147,-1.08066413,-0.053127118,-1.978681595,1.638076037,1.077542412,-0.632046515,-0.416957167,0.052010515,-0.042978923,-0.166432496,0.304241419,0.554432499,0.054229515,-0.387910173,-0.177649846,-0.175073809,0.040002219,0.295813863,0.332930599,-0.220384851,0.022298436,0.007602256,5,0
18,1.166616382,0.502120088,-0.067300314,2.261569239,0.428804195,0.089473517,0.24114658,0.138081705,-0.989162395,0.922174967,0.744785789,-0.53137725,-2.10534645,1.126870105,0.003075323,0.424424506,-0.454475292,-0.098870627,-0.816597307,-0.307168509,0.018701872,-0.061972267,-0.103854922,-0.370415177,0.603200339,0.108555873,-0.040520706,-0.011417815,2.28,0
22,-1.946525131,-0.044900505,-0.405570068,-1.013057337,2.9419677,2.955053397,-0.063063147,0.855546309,0.0499669,0.573742508,-0.081256515,-0.215745003,0.044160628,0.033897757,1.190717675,0.578843475,-0.975667025,0.044062818,0.488602869,-0.216715254,-0.579525934,-0.799228953,0.870300215,0.983421493,0.321201133,0.149649877,0.707518836,0.014599752,0.89,0
22,-2.074294672,-0.121481799,1.32202063,0.410007514,0.295197546,-0.95953723,0.543985491,-0.104626728,0.475664018,0.149450615,-0.856566364,-0.180523156,-0.65523293,-0.279796856,-0.211667955,-0.33332061,0.010751094,-0.488472666,0.505751034,-0.386693573,-0.403639499,-0.227404004,0.742434864,0.398534855,0.249212161,0.274404274,0.359969356,0.243231672,26.43,0
24,1.23742903,0.061042584,0.38052588,0.761564111,-0.35977071,-0.49408415,0.006494218,-0.13386238,0.438809737,-0.207358046,-0.929182115,0.527106061,0.348675901,-0.152535139,-0.21838563,-0.191551818,-0.116580603,-0.633790817,0.348415801,-0.066351335,-0.245682498,-0.530900256,-0.044265397,0.079168029,0.50913569,0.288857834,-0.022704982,0.011836231,17.28,0
25,1.114008595,0.08554609,0.493702487,1.335759985,-0.300188551,-0.010753783,-0.118760015,0.188616696,0.205686849,0.082262259,1.133555671,0.626699002,-1.492780392,0.520787894,-0.674592597,-0.529108242,0.158256198,-0.398751479,-0.145708909,-0.273832367,-0.05323366,-0.004760151,-0.03147017,0.198053718,0.565007313,-0.337718126,0.029057402,0.004452631,4.45,0
26,-0.529912284,0.873891581,1.347247329,0.145456677,0.414208858,0.100223094,0.711206083,0.176065957,-0.286716935,-0.484687683,0.87248959,0.85163586,-0.571745303,0.100974273,-1.519771833,-0.284375978,-0.310523585,-0.404247869,-0.823373524,-0.290347611,0.046949067,0.208104855,-0.185548347,0.00103066,0.098815701,-0.552903603,-0.073288084,0.023307045,6.14,0
29,0.996369532,-0.122588787,0.546819473,0.706579541,0.134559557,1.156995112,-0.294561331,0.407429099,0.337862664,-0.408150493,0.682646124,1.253719685,0.391917044,-0.037510858,0.795301519,-1.668210591,1.322994882,-2.830035229,-1.463431688,-0.20346121,-0.076301837,0.108866913,0.16223094,-0.575624048,0.109794915,0.373813367,0.050552197,0.005105559,20.53,0
29,1.110880342,0.168716771,0.51714396,1.32540692,-0.191573354,0.019503723,-0.031849108,0.11761992,0.017664721,0.044864791,1.345074799,1.286339621,-0.252267066,0.274457682,-0.810394372,-0.587005063,0.087451074,-0.550473628,-0.154749355,-0.190119711,-0.037708654,0.095701462,-0.048197647,0.232114939,0.606200749,-0.342096829,0.036769605,0.007479961,6.54,0
32,1.24905472,-0.624727077,-0.710588904,-0.991600361,1.429973192,3.692977019,-1.090208641,0.967290815,0.850148519,-0.307081112,-0.456245308,0.22998135,-0.0169131,-0.220846086,0.362417699,0.315222304,-0.512265445,0.118994619,0.57472016,0.097852692,-0.006292714,0.009200225,-0.129463201,1.11297017,0.500382109,1.196549199,-0.048220435,0.005093622,29.89,0
32,-2.008871795,2.198526503,0.14424174,1.159432262,-0.815174288,0.182288271,-0.617108302,1.530816728,-0.586832286,0.129875751,0.658479448,1.265049218,-0.206518166,1.013603212,-0.54941351,-0.708034201,0.869643169,-0.09565956,0.944395409,0.028740125,0.094917307,0.294982704,0.011081384,0.015249372,0.034210636,-0.236141102,0.128290673,0.11798599,2.35,0
36,-1.004929339,-0.985977681,-0.038038829,3.710061359,-6.631950832,5.122102581,4.371691256,-2.006867506,-0.278736461,-0.230872923,0.145155263,-0.06315605,-0.799585071,-0.341956368,-0.930529782,0.510510185,0.092428106,0.823984132,1.1903978,-0.001979978,1.393406004,-0.381671395,0.969719176,0.019444796,0.570922813,0.333277782,0.857373192,-0.075538246,1402.95,0
37,1.295667621,0.341483451,0.081505199,0.56674607,-0.110458773,-0.766324793,0.073154903,-0.168304138,0.07183711,-0.281043994,-0.549533939,0.049093162,0.303950023,-0.316750192,1.134897205,0.635909577,-0.199763166,-0.122051064,0.004516182,-0.065983383,-0.323607229,-0.929781372,0.063808806,-0.193565115,0.287574218,0.127880985,-0.023731193,0.025199673,0.99,0
38,0.158331782,0.872687435,0.965524582,1.802127161,0.139021981,0.1108631,0.559079186,-0.029070932,-0.394912254,0.03267448,-0.5009189,0.631916038,0.754693617,-0.047655469,0.348217617,-1.493526805,0.757230632,-0.684369216,1.303358759,0.089837783,0.116269966,0.691685039,0.12111283,0.116142168,-1.112725012,-0.303369145,0.327532804,0.255621383,21.76,0
39,-1.330881575,0.267540227,-0.168469574,-0.701232148,3.281971526,3.216389615,-0.059394352,0.895430428,-0.017778824,-0.165753218,-0.765047306,-0.015636283,-0.35662599,-0.041200001,-0.7351031,0.030533314,-0.778067288,-0.015159683,-0.152824068,-0.113875191,-0.151042302,-0.311726353,-0.374792813,1.01488604,0.353991877,-0.510327072,0.159032671,0.228707928,13.84,0
41,1.154312117,0.265462317,0.384870524,0.57500704,-0.217475465,-0.391519648,-0.081488957,0.06278949,-0.260583324,-0.161677217,2.052927777,1.130825934,0.189484506,-0.070792612,0.619345198,0.318582897,0.090232112,-0.331450412,-0.344721213,-0.099579746,-0.193213341,-0.557685063,0.169492069,0.186862704,0.089251983,0.09362623,-0.00963264,0.019667693,2.67,0
41,0.986063326,-0.202964587,-0.492768147,0.407691275,0.305660256,-0.230529179,0.585028086,-0.208224591,-0.247503448,-0.192253128,-0.628317496,0.430307933,0.81124802,0.371566359,1.026078849,-0.028501345,-0.307546103,-1.099654915,0.010738506,0.263505048,-0.305873933,-1.216555269,-0.077601526,-0.741340788,0.286881125,0.200346696,-0.075203351,0.027271219,169.05,0
42,-0.249361328,0.399227373,0.068009334,-1.060618826,2.410399171,3.736573916,0.31644608,0.672296306,0.015140168,-0.269501562,-0.49512045,-0.16150583,-0.274214413,-0.276190768,-0.17240874,-0.118962106,-0.550002391,-0.14805164,0.771761783,0.107676349,-0.257662841,-0.61676229,-0.156668822,1.031134943,0.120617108,0.310494067,-0.288298624,-0.223964274,32.51,0
44,-0.899992449,0.136254782,1.88366471,-0.208996096,1.05144062,1.905241336,0.24142325,0.647630723,-0.05346625,-0.504170551,1.254598807,-0.23662919,-2.51758729,0.384573507,0.343832097,-1.370563137,0.958567982,-1.607241693,-0.64725644,-0.121725831,-0.081500218,-0.016925889,-0.147706273,-1.384620203,-0.024352091,0.412659496,-0.106776268,-0.190475773,21.55,0
44,-0.948896383,0.24841362,2.956914245,2.813749991,0.145538802,-0.027352972,0.133701634,-0.307534957,-0.125243761,1.0349396,-0.53264784,-0.189877966,0.081222188,-0.939053268,0.08118723,-0.129784753,-0.174353463,-0.090290993,0.222434544,-0.056186326,-0.083646907,0.416090082,0.207536735,0.716064035,-0.602311115,-0.064230014,-0.315057518,-0.272463332,0.75,0
46,-1.923213204,-0.870482324,2.320169629,1.988775801,0.417090785,-0.380013723,0.47213927,-0.557333241,-0.64907905,1.410888883,-0.517736958,-0.985201773,-0.400594745,-0.830664636,0.338009486,0.029924176,0.371150311,-1.054318672,1.890363924,-0.369227398,-0.686487767,-0.779267566,1.086055019,0.518863427,-0.363712018,3.065575697,-0.589022175,-0.396109823,35,0
46,-0.378244635,0.732925473,-0.120154211,0.185755072,2.594269492,3.797182651,0.059087961,0.976768278,-0.412660865,0.006753688,-0.624666242,-0.115851958,-0.215037273,0.140449403,0.160265566,-0.601890179,-0.144355315,0.221557465,1.454852162,0.315571561,-0.107581845,-0.157139517,-0.194659196,1.013897347,0.145503367,-0.237619523,0.411371737,0.202788455,11.45,0
49,1.098608346,0.202423564,0.525455972,1.323436272,-0.130486421,0.039924307,0.028379416,0.072841071,-0.097869352,0.019512995,1.474413321,1.689674218,0.506780523,0.125136665,-0.892709712,-0.621679133,0.044340267,-0.642093954,-0.161986891,-0.128040892,-0.024971678,0.15426426,-0.063146743,0.253205307,0.629405435,-0.345344655,0.040469338,0.01026375,13.18,0
50,-0.57152075,1.071600449,1.28011025,0.542780003,0.574438987,-0.259359266,1.061148415,-0.410971968,-0.179130181,1.003500658,1.062382268,0.159422388,-0.289860314,0.005804746,0.460440953,-0.221035265,-0.775852455,0.657023315,0.807582919,0.354730635,0.00355852,0.561240486,-0.19928672,0.001387389,-0.179529952,-0.374115726,0.071641454,-0.175510469,9.79,0
76,-1.024576049,0.522289106,1.787699074,0.202672107,-1.140802866,-0.137830806,-0.336555477,0.670704378,0.071670264,-0.518978194,0.687066404,0.249020266,-1.248619947,0.343492962,-0.236299743,0.528667673,-0.291314514,0.847538604,0.129468112,-0.278965958,0.315867516,0.847564794,0.148876568,0.549790591,-0.585130614,0.325840743,-0.068871446,0.059713185,50,0
77,-1.18595403,-0.21880844,1.101004831,-1.406997128,1.261783204,-0.337709069,1.191747221,-0.427383108,0.276678887,-0.2153992,-0.942965254,-0.473709624,0.061623489,-0.410061487,0.754377242,0.283420754,-0.905689819,-0.738459279,-0.454312152,0.036974223,-0.36283038,-0.418816991,0.521401264,-0.922427393,-0.139840272,0.70978702,-0.076248716,-0.383942454,49.95,0
78,-0.291241163,1.515688499,1.514354894,2.518364615,0.58364774,0.425560586,0.598690176,0.056753589,-1.475620543,0.829234155,-1.268613006,-0.427588105,0.946384558,0.079319521,1.287545322,0.28251401,-0.423616438,0.147275797,1.226248307,0.348231594,-0.252658886,-0.613055494,-0.126407496,-0.636697022,-0.255688273,0.019571285,0.38258071,0.194254835,4.68,0
78,-0.590589254,0.235248304,2.354921509,-2.219936017,-0.246820702,-0.833337142,0.934430977,-0.670155666,1.093187038,-0.533667949,1.720074583,0.116509951,-1.289269177,-0.188769226,1.192679842,-0.519384439,-0.599534141,0.669896166,1.087592147,0.13373911,0.00621067,0.431366266,-0.441621161,0.556214073,0.16621579,-0.055005317,-0.714976037,-0.612121573,18.31,0
81,1.11104797,0.215351844,0.374072564,1.150000653,-0.329767569,-0.898687822,0.309906644,-0.255277291,-0.110655139,-0.057578832,-0.217961497,0.600591209,0.686379565,0.262161286,0.922676979,0.135235272,-0.490174913,-0.392752899,-0.315464927,0.031671788,-0.132555304,-0.493866878,-0.010782184,0.380388564,0.456214181,-0.572346756,0.010981463,0.039295013,68.74,0
82,-3.591826161,1.348370368,-0.998492354,-1.402361754,-0.596711513,-0.385302392,0.050620962,1.2108885,0.390259945,0.100784631,-1.40661465,0.206760569,0.346123773,0.559501932,0.712692556,0.775015086,-0.285588171,-0.701679615,-0.59612263,-0.212115585,-0.43207022,-0.607105549,0.176475251,-0.891798495,0.045145475,0.727963185,-0.032720994,-0.456138379,79,0
83,-1.897330739,0.955626146,0.052542631,1.27665559,-3.323084064,3.229910789,1.029631148,1.515606764,-0.059626603,-1.461402639,-0.246684066,0.921560835,-0.196534711,0.505960635,0.705137678,-1.328623104,1.915145604,-1.935425902,-0.930024249,-0.832629516,0.128416132,0.776077579,0.477536785,-0.608981285,-1.120892414,-0.41385055,0.061399324,-0.187963516,552.18,0
84,-0.481375994,1.003406701,0.906183669,-0.423863928,0.760670628,0.377627419,0.587373158,0.13388448,-0.20787079,-0.240405331,-1.453261436,-0.526595859,0.073844567,0.087349559,1.230576263,0.311246139,-0.620259312,-0.329208342,0.187643004,0.082302991,-0.277507154,-0.752696358,-0.145992422,-1.353514516,-0.095515797,0.175811028,0.144228361,0.099682743,4.99,0
87,-5.101877144,1.897021804,-3.458033555,-1.277542766,-5.517757922,2.098366221,3.329603449,1.250966334,0.27150055,-0.305482722,-1.473383079,0.272913238,0.649418935,0.899810726,0.874542743,1.471752735,-0.144793357,-0.725518955,-0.698935585,-1.270478014,-0.871743638,-0.678879497,-0.555899893,-0.761660256,0.066611133,0.767227443,0.731633869,-0.860309778,919.6,0
89,-0.589855944,0.933069872,-0.268072621,0.125244627,2.396991769,3.8779452,0.189985383,0.960388588,-0.230000129,0.295110184,-0.596572414,-0.118180798,-0.211613863,0.063381269,0.179691247,-0.608157331,-0.159369564,0.203083948,1.424509645,0.401336398,-0.15439733,-0.174834146,-0.201368584,1.013438753,0.19441248,-0.231764974,0.541146887,0.255373813,37.13,0
92,-5.285970513,4.847323197,-1.290368385,-1.427842353,-0.621533346,-0.604690515,0.437865925,0.336383684,3.5583733,6.427801966,1.401383172,0.667167377,0.314681509,-1.860653094,0.558541544,0.314815183,-0.701307704,0.20609248,-0.208238494,2.962483831,-0.923604054,-1.171186819,0.150871587,-0.493322254,1.050553907,0.194864958,2.490503055,1.575379799,8.95,0
103,-1.409009452,0.563492506,3.350717448,-0.436893036,-1.123467357,0.256345114,-0.253389869,-0.795814176,1.421953536,-0.681589992,-0.680795735,1.398463162,1.114929155,-1.894594557,-2.189146682,-0.640207206,0.334833424,-0.835911605,-0.070619892,-0.028601231,0.665585415,0.170281349,-0.231556647,1.067220198,0.279905967,0.988255366,-0.105953908,-0.073779112,23.27,0
118,1.254913507,0.350287347,0.302487785,0.693114454,-0.371469881,-1.070255865,0.086781009,-0.202835551,0.035154059,-0.282617329,-0.073591895,0.224820575,0.211172939,-0.28446901,1.096191611,0.480953646,-0.00628755,-0.295312745,-0.196568595,-0.079756372,-0.287592205,-0.832681695,0.128083116,0.339426822,0.21594377,0.094703566,-0.02335429,0.030891875,2.69,0
135,1.207207324,0.241318029,0.258744961,0.65333494,-0.256425759,-0.620309257,-0.03965283,-0.022138661,0.145190566,-0.30544298,0.023574459,-0.089794537,-0.564338047,-0.105116499,1.430822389,0.222641856,0.317193266,-0.652918625,-0.552422227,-0.156234944,-0.26716529,-0.780157603,0.165656821,0.012955638,0.116175752,0.126406132,-0.012155718,0.026239297,4.57,0
158,-0.600816388,0.922454526,-0.13595182,-1.259914839,2.439824406,3.330205324,0.087107088,0.949659242,-0.327931944,0.06170852,-0.157387073,-0.233220337,-0.053332448,0.221138816,1.057070872,0.505629785,-0.899687487,0.081847173,0.357532361,0.348027854,-0.311488589,-0.927233184,-0.045267936,0.979587247,0.016423246,0.091043324,0.371280248,0.180187431,1.79,0
187,0.066060772,0.8762634,1.093992968,1.556150516,-0.07231813,-0.671902296,0.569707156,-0.143791231,-0.609469493,0.122388483,-0.477548435,-0.348544455,-0.275911532,0.469809094,1.619878123,-0.637980697,0.179422142,0.263764793,1.332689558,0.126786432,0.159757256,0.497796845,-0.043265755,0.397922925,-0.358151033,-0.186331411,0.135738679,0.098839653,23.32,0
210,1.293927047,0.338070714,-0.042758725,0.502133796,0.072282583,-0.583457916,0.123778874,-0.18746752,0.00188298,-0.303396211,-0.717596678,0.265054232,0.948911112,-0.449331226,1.092810817,0.697079096,-0.342141341,-0.094490672,0.109940711,0.005472686,-0.329232513,-0.942138921,0.008263842,-0.492104263,0.342975495,0.143926316,-0.022440506,0.025373448,12.99,0
230,-0.420269748,0.814760402,1.513242393,1.292782097,0.138053047,0.223342242,1.08808368,-0.150282357,-0.216385801,0.036197394,-0.489127253,0.181306518,0.083521781,-0.23630839,0.223610259,-1.300535658,0.506323814,-0.711513697,0.708409608,0.369869323,-0.043948199,0.313610073,-0.033527354,0.097487277,-0.080281832,-0.255178709,0.244130619,-0.013383768,79.18,0
251,1.071812684,-0.249927203,0.189825005,0.19110892,-0.615778945,-1.074104296,0.213633076,-0.322513461,0.046084009,-0.192352281,-0.145525136,0.57166102,0.891624283,0.108958561,0.977413551,0.209149364,-0.34836972,-0.459603714,-0.087733531,0.214073657,0.095917506,0.089348763,-0.159514355,0.487008617,0.365901029,1.0560726,-0.101425335,0.022797105,120,0
266,1.289672517,-0.69439938,0.98668348,-0.626997062,-1.561740795,-0.612823745,-0.94903729,0.068871636,-0.744015779,0.825568192,1.277462604,0.281343681,-0.368153738,0.218534881,0.578279944,-0.719648948,-0.341212435,1.582472283,-0.66781851,-0.485381706,-0.411942757,-0.812047651,0.217873272,0.515076902,-0.174402122,0.828401744,-0.039261841,0.01306099,14.9,0
273,-0.79297044,0.273688003,2.612040285,1.213495051,-0.225014754,-0.594575429,-0.250743985,0.162628107,0.038632593,-0.401649703,-0.485772083,0.156502666,-0.009438656,-0.224336144,0.761460832,-0.22681814,0.002773652,0.218880553,0.377095265,0.145012028,0.136199842,0.38114011,-0.020689143,0.706052983,-0.234171822,-0.377185425,0.164555212,0.155041967,6.51,0
283,0.948031797,0.318724757,0.730590898,2.583975169,-0.206464838,-0.2131797,0.220328528,-0.062070303,-0.868018102,0.581173638,0.101195399,0.470399635,0.67528087,0.209463495,0.704330417,0.309108159,-0.281680587,-0.924687992,-1.521306913,0.034971404,0.039314676,-0.069829592,0.004094198,0.39645882,0.295033036,-0.076225776,-0.004447648,0.041688095,94.5,0
289,-1.782116492,-0.326079244,2.282092285,-0.381814268,1.06129006,2.666354871,0.311426142,0.364125231,1.08038229,0.652494125,1.218281878,0.121397526,-0.952894279,-0.90558715,0.803764247,-0.971253016,0.209509728,-1.225339357,-0.726363603,0.17908676,-0.316547016,0.480398017,0.193990708,-1.867208192,0.145657701,0.491213315,0.248133117,-0.504044675,74.47,0
298,1.218417038,0.077792309,0.533943622,0.84384943,-0.536021561,-0.702280581,0.006655632,-0.153410746,0.421584058,-0.204985941,-0.615400833,0.62096018,0.238575293,-0.122444262,-0.240002498,-0.294719416,0.016760295,-0.746129181,0.214192945,-0.087688523,-0.224557949,-0.466722158,0.003663041,0.438025581,0.460759606,0.267055847,-0.021915861,0.014811763,13.99,0
307,-2.658288445,-3.014776275,2.271635938,-1.218203746,1.546541375,-1.682063566,-1.524913271,0.088425222,-0.761265909,0.621252886,0.671972657,0.044639099,0.019231117,-0.295525279,0.135417494,-0.394039204,-0.980390215,1.979490293,-1.147409668,-0.017064877,-0.212736023,-0.587618199,0.320803671,-0.013226934,-0.23377215,0.742312503,-0.505255725,0.39405277,52.9,0
370,1.354445057,-0.81529671,0.836498305,-0.617140247,-1.304123735,-0.025273809,-1.147177389,0.162996088,-0.258341353,0.660341204,0.632539623,-0.056930151,-0.351267301,-0.466689479,-0.835734315,1.157376633,0.186554348,-0.57970044,1.077008602,0.040379238,0.292038166,0.94135696,-0.192850905,0.049422042,0.597416327,0.002148546,0.035181508,0.00368211,4.79,0
379,-1.896099252,-1.829046182,1.181222142,3.897845796,-1.686468705,1.976370755,-0.56410723,-2.40046491,-0.979201821,-0.284723547,0.284799423,0.592318944,-0.653926139,0.510773223,-0.545063692,0.309555464,0.259246565,0.660470305,0.978842525,2.538636196,-0.936346052,-0.516625797,-0.911681722,0.025105641,0.65669918,0.200867802,-0.088993678,0.339813926,881.13,0
403,1.131541305,-0.174361327,0.9926215,0.600032005,-1.021934205,-0.644778975,-0.428619437,-0.032070613,0.516317803,-0.118985161,-0.366030395,0.116521248,0.051908354,0.014390841,1.424916679,0.672573973,-0.563922581,0.031697566,-0.385113764,0.006618851,0.022068346,-0.031149484,0.022845481,0.414590995,0.129934943,0.387227991,-0.016423479,0.034254727,52.4,0
406,-2.312226542,1.951992011,-1.609850732,3.997905588,-0.522187865,-1.426545319,-2.537387306,1.391657248,-2.770089277,-2.772272145,3.202033207,-2.899907388,-0.595221881,-4.289253782,0.38972412,-1.14074718,-2.830055675,-0.016822468,0.416955705,0.126910559,0.517232371,-0.035049369,-0.465211076,0.320198199,0.044519167,0.177839798,0.261145003,-0.143275875,0,1
406,-1.645008604,-2.090799133,1.592566836,-1.38885259,1.732899192,-1.631058781,-0.922859376,0.01381445,1.760777056,-1.270164278,-1.401053239,0.35601814,0.191579696,-0.473274886,0.707895259,-0.179083043,-0.816905117,0.631246543,0.309446502,0.564245803,0.248155008,0.415496484,0.293293937,-0.463425038,-0.40517536,-0.92410328,0.00658569,0.018683011,46.68,0
417,-0.473730525,0.697340217,2.279599507,1.359875086,0.34242916,1.392885633,0.289971173,0.170677021,0.578965557,-0.276892899,-1.577494635,1.009164694,1.303964102,-1.350592295,-1.415533732,-1.55708136,0.672507645,-0.993821895,1.608721032,0.330992725,-0.462424905,-0.486809845,-0.235666653,-0.726568109,0.085981329,-0.351095429,0.28906676,-0.043029565,8.61,0
427,0.173200432,-1.823346056,0.307208485,1.342690667,-1.358110718,-0.136943694,0.355662815,-0.159310859,0.854919118,-0.581898525,-0.898873063,0.847338394,0.40789131,-0.449137192,-0.873602374,-0.431307453,0.249964709,-0.582009346,0.18821947,0.986324948,0.182255069,-0.32755542,-0.536358775,0.507572679,0.33185285,0.469279934,-0.102721495,0.106900915,539.17,0
441,-0.565328982,-0.061420412,2.197933824,-1.958795107,-0.048529205,0.748807725,0.29658804,-0.149943151,1.209928539,-0.911107814,0.960782373,0.838668991,0.397781607,-0.641078967,1.21325376,-0.83638966,-0.286264199,0.664773412,1.820390605,0.247161662,0.104993,0.88552455,-0.548767037,-0.711467268,0.267146639,0.242159826,-0.306742171,-0.41048417,50,0
459,-0.528217505,0.981231846,1.652988054,-0.150715087,0.137047987,-0.203980368,0.583369654,0.16524639,-0.781696163,-0.211147388,1.824771824,1.171574362,0.607026344,0.237985709,0.306871733,0.009962341,-0.332372933,-0.458194109,-0.137627145,0.127768329,-0.123569168,-0.272730916,0.023886635,0.223935517,-0.297776979,0.068300176,0.281018331,0.11155701,6.99,0
472,-3.043540624,-3.157307121,1.08846278,2.288643618,1.35980513,-1.064822523,0.325574266,-0.067793653,-0.270952836,-0.838586565,-0.414575448,-0.50314086,0.676501545,-1.692028933,2.000634839,0.666779696,0.599717414,1.725321007,0.28334483,2.102338793,0.661695925,0.435477209,1.375965743,-0.293803153,0.279798032,-0.145361715,-0.252773123,0.035764225,529,1
509,-0.404840789,1.005371767,1.372756249,0.005994279,-0.118848739,-0.788473319,0.566918134,0.114720596,-0.52198708,-0.318949025,1.501466252,0.151464413,-0.986278269,-0.024208169,0.28669712,0.566864533,-0.112456891,0.41295945,0.127054849,0.06524033,-0.207334253,-0.619986971,0.02084763,0.456775451,-0.249289192,0.044936814,0.23403615,0.088355574,8.28,0
547,1.066851412,-0.464679211,1.984352689,1.521834264,-1.287325364,1.113013931,-1.314875812,0.528953409,0.249077729,0.530933849,0.938657016,1.395073316,0.591384428,-1.119702499,-2.248288824,0.515630476,0.28509622,-1.115815903,-0.269576999,-0.029287186,-0.080174015,0.115723692,0.149054599,0.419153116,-0.364680331,3.087444274,-0.13798734,-0.016173991,1.48,0
566,1.166359937,0.005060629,0.497768219,0.798919611,-0.365524459,-0.233421182,-0.074209679,-0.008324615,0.437687332,-0.247289456,-0.417290468,0.634783847,0.085302918,-0.06635991,0.027261275,-0.580178535,0.302829747,-1.177537273,-0.144620437,-0.118735089,-0.195728247,-0.365798298,0.03072878,0.123133361,0.381748872,0.296735208,-0.007174588,0.011904559,18.56,0
611,-0.968413695,0.210690439,2.6871655,1.198654109,-0.105465723,-0.479647497,-0.334048932,0.208852613,-0.183811279,-0.298863814,-0.596618154,-0.449946622,-0.365863812,0.053788251,1.886051183,0.131709123,-0.218232404,0.717672723,0.564070473,0.259943166,0.212307024,0.419830204,-0.128308265,0.37883953,0.149001813,-0.192992365,0.101799327,0.109335204,19.98,0
651,-1.77083129,0.034437741,2.298968683,1.346369777,-0.148114475,0.070058882,-0.646818827,0.515477454,0.252557767,-0.186807448,-0.701294943,-0.390290139,-0.93070287,0.02909786,1.46921119,-0.42432068,0.407543166,0.050973275,0.492943334,-0.022172216,0.09800745,0.253604662,-0.317748214,0.078380058,0.027606915,-0.246427576,-0.447484376,-0.114312089,1,0
679,1.194812375,-0.08816122,0.487398534,0.872865026,-0.712495127,-0.749223476,-0.098640809,-0.056473106,0.691595899,-0.157552505,-0.919379852,-0.329990577,-1.551035042,0.236920711,-0.04296081,-0.210029561,0.120293969,-0.525078939,0.222013718,-0.179831969,-0.238063789,-0.618165193,0.014581434,0.376852184,0.395478152,0.272409704,-0.035684557,0.012830298,25.39,0
711,1.277184649,-0.20893004,-1.066715751,-0.332638818,1.960141371,3.547407052,-0.600762711,0.866635337,0.344059846,-0.133210133,-0.450336232,0.256571872,-0.166340772,0.089506229,-0.013324731,0.048264841,-0.46271552,-0.25749463,0.589780031,0.009483731,-0.283059597,-0.799837895,-0.02635871,1.033466958,0.608714758,0.284132692,-0.021538434,0.006862894,12.15,0
741,-1.46049422,1.072256156,1.525620772,0.122963804,-0.874789814,-0.382503213,0.025338373,0.353055399,0.923318088,0.274841815,-1.119679315,-0.395008455,-1.069481956,-0.30700169,-0.003805522,-0.099090931,-0.004277465,0.099416549,0.040700264,0.194301701,0.037686997,0.534206223,-0.218094846,0.42919246,-0.068666988,0.428324794,0.159005189,0.040868388,29.99,0
752,-2.101171491,-0.227365439,1.624668104,-0.291122571,1.902446184,-1.483921032,-0.275117015,0.085964137,-0.56309774,-0.37602403,1.232299253,0.834265498,0.523792388,-0.389664422,-0.090364326,0.900605108,-0.612590406,0.294091852,-0.232594951,-0.134548902,-0.313781673,-0.804783574,-0.474101217,0.008101584,0.259725314,0.032375848,0.323580117,0.034622055,1.78,0
774,-0.048072226,-0.203189786,-0.795323782,-1.962993617,1.875274051,3.235355194,-0.18183303,0.730624954,0.785343554,-0.848066416,-0.048657785,0.2991107,0.020535687,0.230592381,1.808641667,-1.170047574,0.195097729,0.313330397,3.097748598,0.223579125,-0.157601069,-0.353111368,0.004880768,1.059617874,-0.35624125,0.007888111,0.040719983,0.030676277,78.44,0
790,1.238395819,0.277070534,0.655387461,0.695255331,-0.619274861,-1.174994961,0.083621613,-0.239305594,-0.011585827,-0.072605018,0.11519442,0.597569213,0.484087605,0.213756011,0.983039879,0.1967554,-0.317095215,-0.676888322,-0.243517702,-0.090381475,-0.233646763,-0.665400673,0.174617549,0.712587984,0.181667426,0.073619865,-0.027053511,0.022733187,1.29,0
823,-1.060118941,0.697024798,0.523657475,-0.270606566,-0.367703278,-0.627989062,1.188259984,0.093291611,0.027599376,-0.477585592,-0.533336155,-0.22788752,-1.202124506,0.338095645,-0.324453437,-0.443187722,0.174473804,-0.943134727,-0.960178311,-0.220494195,0.056743999,0.464837758,0.272572691,0.429093151,-0.467420411,0.277149031,0.020102285,-0.111750513,128.68,0
856,-0.916705679,0.749862201,2.067661644,0.095077099,-0.237842825,-0.342993551,0.454652786,0.012055554,0.432845175,-0.691966362,-1.119202876,0.086633198,-0.271624342,-0.478933829,-0.737596081,0.142109175,-0.554216938,0.063528534,-1.033916145,-0.258887204,0.216654237,0.693767171,-0.282403038,0.410592295,0.089231306,-0.469512235,-0.127947586,0.162296946,23.9,0
879,-1.138392473,1.458272432,1.328123404,0.032193964,-0.092037526,-0.856542382,0.748841422,0.301061412,-1.117873982,-0.702986306,0.289092389,0.811465633,0.954559102,0.451355256,0.712849636,-0.517019394,0.354708208,-1.018919149,-0.466550327,0.08007326,0.074963744,0.224883018,-0.183735337,0.664197054,0.464203955,0.412829002,0.1250831,0.054665728,19.51,0
917,1.20042775,-0.489235871,-0.736383869,-0.690661558,-0.135710884,-0.481853487,-0.074582801,-0.137785093,-1.448471951,0.367058908,1.72565227,0.088374416,0.457216731,-0.73610949,0.062215552,1.038737562,1.019905569,-0.993010874,0.485911044,0.294497951,0.302955069,0.646306779,-0.311563151,-0.31042916,0.736109004,-0.017777199,-0.015941613,0.022910765,104,0
945,0.904759128,-0.51830192,0.398305184,0.495653255,-0.83451411,-0.642215653,0.044820057,-0.043258755,0.223596501,-0.119215577,1.299905162,0.849928798,-0.69154571,0.411388273,-0.333284812,0.082615687,-0.214906402,-0.157369079,0.400149043,0.175591895,-0.096473484,-0.576287859,-0.051439284,0.572082975,0.192744403,0.400685941,-0.079651478,0.027962942,158,0
971,1.009575551,0.072906289,1.714824794,2.422086205,-0.888163351,0.694156693,-0.957776291,0.491998628,-0.20672705,0.781327848,1.290357086,0.196416156,-0.868666466,0.212829685,0.743374812,1.197505174,-0.777036961,0.565001723,-1.563094789,-0.197242844,0.318212215,0.851501916,0.022475453,0.210402558,0.084578543,0.112326113,0.05135931,0.029774359,12.14,0
1047,-0.373105279,1.073327227,1.288597022,0.074710601,0.052444092,-1.008570702,0.680016634,-0.062223518,-0.371528843,-0.505335451,-0.239423103,-0.150077799,-0.015211771,-0.400583308,0.9107513,0.389658544,0.015066861,-0.118505672,-0.08839272,0.120105095,-0.261162921,-0.703869026,-0.001595792,0.324620668,-0.161960409,0.072607361,0.24262984,0.098919851,4.99,0
1074,-0.295594055,1.022747456,1.534593343,-0.189536288,0.417759091,-0.545108994,0.998967505,-0.327714306,-0.409307518,-0.14132611,-0.536793473,0.373177683,1.369102756,-0.349400862,0.775206452,0.201969428,-0.751178756,-0.371414254,0.195513252,0.280125412,-0.293892552,-0.556323904,-0.123406908,-0.099532425,-0.108294467,0.069227457,0.10724843,-0.103839002,8.97,0
1094,-0.523312686,0.781319414,1.847510595,1.274103919,-0.457849604,-0.609284322,0.541488471,-0.067974451,0.040494057,-0.302147212,-0.585996625,0.041124714,-0.736854364,-0.079076401,-0.276466767,-0.956308622,0.475960495,-0.233319338,0.642319107,-0.113886899,0.097104018,0.514766034,-0.027366673,0.92827538,-0.205462356,-0.320205036,0.076005047,0.141885017,21.29,0
1111,1.132690983,-0.099536088,1.00670238,0.526096748,-0.753367815,-0.169312527,-0.489722347,0.072850946,0.410196391,-0.172782504,-0.022481114,0.570367417,0.718817382,-0.099794961,1.597693032,0.343131216,-0.323853501,-0.508485982,-0.742834089,-0.027542551,0.044139577,0.152924224,0.064858766,0.126463315,0.088205152,0.416720702,0.008907926,0.028401803,29.54,0
1135,-3.3045948,-1.488905393,3.096578259,1.407271441,-0.364031595,0.45316646,-0.141234699,0.061079996,1.480277037,0.410339402,-1.526924419,0.207921528,0.11207846,-2.075793051,-2.309722834,0.443251412,-0.355128607,-0.359380598,-0.927080995,-0.456836146,-0.277457276,0.612283801,0.209271299,0.509635114,0.61590653,1.044461431,-0.295658048,0.823806886,144.14,0
1158,-0.364468499,0.476961852,1.506962136,-0.746918964,0.017502232,0.029226809,0.319399286,0.252958665,-0.100281534,-0.552524962,0.214670116,-0.144381911,-0.891432171,0.235437597,0.026618057,1.308490146,-1.3677752,0.827825312,-0.473855817,-0.12328234,0.000847501,-0.199133411,-0.057503474,-0.539314285,-0.295545528,0.038761651,-0.001097834,0.029411184,32.5,0
1175,-0.740756263,0.375207162,0.836767194,-0.315215737,0.895750047,1.666168006,1.040891638,0.516525607,-1.043534105,-0.637074388,1.958032868,0.813911347,-0.271972038,0.701218288,1.01676283,-0.970073518,0.569215732,-1.956059744,-0.927171972,0.134877081,-0.106031677,-0.529083974,0.42389369,-1.403580956,-0.469162501,0.070847907,0.017606699,0.035566743,142.42,0
1196,1.363375263,-0.614852295,0.425788793,-0.834445108,-1.019100579,-0.546028215,-0.725951427,0.039446703,-0.825513575,0.804269547,1.016777237,-0.571078721,-1.007770814,0.246185105,0.236233356,1.571908216,-0.075174324,-0.838688117,1.035088941,0.038216037,-0.073565363,-0.446150153,0.085628245,-0.041324466,0.20252981,-0.474586322,-0.003365235,0.008704676,20.17,0
1218,-1.912896297,-1.409518809,2.182004231,0.468684363,0.13695533,0.069964686,0.650129348,0.131005537,0.102612288,-0.616127798,0.400016901,0.169454755,-0.680174703,-0.230802239,-0.63968303,0.763158515,-1.149839068,1.0940916,-0.785818474,0.85737315,0.446601626,0.601013496,0.539556035,-0.040612015,0.35462414,-0.437351249,-0.197436182,-0.080705932,316,0
1229,-1.161664546,-0.343536021,0.7071842,0.391783762,2.159449431,-2.187319363,0.607561846,-0.680828048,0.159619752,0.536381008,-0.570715155,-0.345685257,-0.670058111,0.099084683,0.110011907,-0.218345362,-0.804072982,-0.294107645,-0.802806737,-0.226845361,-0.021886753,0.500651284,-0.324464888,0.417642907,-0.715884061,-0.678912206,0.190282472,-0.234855108,3.19,0
1256,1.350757325,-0.332866472,0.00145303,-0.594762825,-0.684585812,-0.827280312,-0.482696508,-0.221652632,-0.862776253,0.121316736,-0.163709452,-0.354386695,1.376476319,-1.572857048,0.903073145,1.714031145,0.783876299,-0.811648091,0.478941608,0.27582768,0.05074761,0.038799414,-0.110279089,-0.169616908,0.452920575,-0.259138505,0.028260969,0.049768122,49.9,0
1294,-0.581680534,0.577849012,0.059042166,-1.725107935,2.458923139,3.481251201,0.160958787,0.979394478,-0.015019438,-0.679168291,-0.643259713,-0.04114411,-0.326601995,-0.080351867,-0.520129036,0.11412933,-0.617545158,-0.199836595,0.287392823,0.14431673,-0.253693483,-0.651340456,-0.195740173,1.034047,0.172827557,0.392757478,0.284927846,0.15683124,5,0
1309,-0.471180576,1.031299388,1.679189455,-0.103399685,-0.078651409,-0.677401712,0.640968045,0.042289547,-0.735607744,-0.157348474,1.556353339,0.9377576,0.346632869,0.264348611,0.084858071,0.315103647,-0.594683394,0.023304663,0.223152137,0.131612996,-0.157232635,-0.408930807,-0.011838484,0.528152671,-0.236246315,0.039610537,0.264228748,0.113889628,3.99,0
1323,-0.492489572,1.23746291,1.881120175,2.040716122,0.501344829,0.190603081,0.617261802,0.132824371,-1.750665634,0.528656064,0.864480106,0.357151625,0.358372022,0.352391861,0.004405566,0.673972286,-0.770251498,0.358639807,0.333671059,0.090259017,-0.106551187,-0.452868278,-0.049856309,-0.034577022,-0.31629123,-0.207744432,0.099829908,0.121473154,12.09,0
1347,-0.891261169,1.078231597,1.475847873,-0.201936202,-0.056193177,-0.262651199,0.450675113,0.230522195,-0.269481559,0.25924458,1.574622401,0.300048486,-1.042680966,0.457450893,0.513570865,0.057209242,-0.25563585,-0.280853748,-0.147459287,0.101904469,-0.1662952,-0.423948592,0.088917595,0.174408933,-0.3052815,0.068048996,0.253458788,0.158595707,4.49,0
1366,-0.722356943,1.029177877,1.084479264,-0.863463723,0.279742091,-0.437384859,0.734814367,0.02318714,0.290326474,-0.347828559,-1.497268068,-0.306320537,-0.278796518,-0.172717921,-0.190989011,0.229203677,-0.588624824,-0.292374825,0.064989322,0.149016122,-0.282505842,-0.575762018,-0.170050899,-0.448930532,-0.062081509,0.350951656,0.406299113,0.231771893,5,0
1395,-0.792839369,1.098424035,0.617479133,0.707670169,0.940218751,-0.439779898,1.735843313,-0.728396902,-0.135613827,0.92731157,1.616192263,0.161856239,0.1444656,-1.382002927,0.433858963,-0.071345387,0.001203444,0.897517068,0.688854907,0.629017074,-0.217902344,0.272610294,-0.230940971,-0.079605685,-0.10681859,-0.422594251,0.158895773,-0.223085834,92.3,0
1409,1.138784522,-0.099399335,0.464924734,0.818293284,-0.453076763,-0.248067696,-0.111776703,0.035021552,0.561227007,-0.22950884,-0.55808325,0.195655819,-0.738968673,0.101336164,0.119727233,-0.539555634,0.350488345,-1.073243471,-0.143497178,-0.143277073,-0.196775192,-0.440876012,0.028348011,0.101213698,0.348649214,0.298016875,-0.015217022,0.012559627,32.52,0
1431,-0.160686733,-0.201776798,1.620484728,-0.848565394,-1.26768722,-0.660693245,0.11183387,-0.114997841,-0.87212728,0.133264469,-0.650740246,0.160477197,0.846355701,-0.506982734,-0.04496917,-1.614075707,0.118050063,1.185096801,-0.783946219,-0.266237473,-0.043921375,0.399756173,0.275484134,0.758970096,-1.066315516,0.725576606,0.171916096,0.219947963,85.11,0
1444,-0.960402766,1.355315886,2.501171336,3.036488456,-0.712819502,1.057343485,-0.518910757,0.927235393,-0.656638792,0.277072241,-1.10968171,-0.273956038,-0.65390091,-0.065020013,0.185245716,-0.559372019,0.954904218,-0.408461346,0.855585048,0.080619351,-0.127067726,-0.131586666,-0.114278998,0.070170656,0.007569843,0.245045454,0.261885825,0.093202597,0,0
1477,-4.481162518,2.353595327,2.34031065,-0.921434272,0.124871851,0.507163932,1.733119564,-2.881355947,4.53572544,5.784123396,-0.169722484,-1.3036128,-0.962991298,-3.655868145,0.760297046,-1.020968502,-1.389740847,-0.403361594,0.38369462,0.452072523,-0.18142529,0.029524613,-0.392381837,0.018946459,-0.177338782,-0.262409852,-5.336289424,-1.406064046,19.69,0
1504,-1.147502926,1.1879554,0.879960213,-1.506275678,-0.323016911,-0.8694814,0.419843571,0.107034307,1.089485015,0.514806254,-1.121514994,-1.062227871,-1.562736783,-0.095183774,0.803638797,0.777246249,-0.858292381,-0.058655143,-0.635029595,0.335454518,-0.312369301,-0.518103785,-0.060559883,-0.170313803,-0.113214045,0.720927868,0.027003929,-0.265341455,3.84,0
1529,-0.937273728,0.641167585,2.777052155,-0.154005799,-0.008161962,0.385699707,0.409261405,-0.087184996,0.42810871,0.27477779,0.880864565,0.905588999,0.671516118,-1.010865577,-0.618402697,0.091457752,-0.747346891,0.377473222,0.578906772,0.45839842,-0.192636736,0.160476213,-0.292018837,0.045204724,0.294085431,0.320501935,0.095166595,-0.269471469,4.99,0
1542,1.194909904,0.093866947,-0.073016385,1.008537893,0.454666352,0.809557431,-0.069581554,0.219049311,0.146503285,0.050628363,0.07705058,0.707209752,-0.246697336,0.240373436,-0.682462961,-0.174301528,-0.39821748,-0.071706655,0.362233515,-0.146902556,-0.126804572,-0.180904287,-0.220109711,-1.134722876,0.779307152,-0.257531618,0.032097533,-0.005675909,13.08,0
1573,-2.258101553,1.306718646,1.390339051,1.568776137,-1.087488666,0.699806083,-0.553314616,1.076075586,1.224964017,0.376854155,-1.463998859,0.301090241,-1.207377104,-0.41596064,-1.191394457,-1.472485555,1.414931272,-0.947143933,1.224985853,0.175870141,-0.471113779,-0.64193878,-0.02786386,0.060606104,0.069984667,-0.387541467,0.296021318,-0.09512561,18.78,0
1592,1.155660993,0.188130193,0.890634747,2.543258782,-0.278976315,0.51757884,-0.39984836,0.15041593,0.082732318,0.519637859,-1.768592132,-0.248728354,-0.015720859,-0.344341143,-0.345581863,0.700026167,-0.648121998,0.157537122,-0.55593105,-0.103805084,0.023486294,0.198198367,-0.213317014,-0.437589871,0.631550597,0.200267508,0.02382665,0.022770458,24.26,0
1609,-3.098866153,2.657326027,0.723330157,2.662524748,-0.034731314,2.37484039,-2.393088177,-9.040936717,-0.127072184,1.386065281,-1.636958084,-0.443909101,-1.233307953,0.030946076,0.163352541,-0.126559176,0.276337398,0.052005295,1.183513608,0.616477842,0.093505721,-0.686806758,0.763177525,-0.578915495,-0.446730312,-0.057941573,-0.812171946,-0.163850435,37.64,0
1630,-0.894250109,0.599228782,1.229747505,0.062300147,0.294846044,-0.836550175,0.490236169,0.062385527,-0.494916138,-0.202534911,1.430078539,0.398760437,-0.338836496,-0.200127792,0.27616817,0.607617967,-0.240444651,0.415017825,0.244262822,0.020562894,-0.23156964,-0.572177371,0.38499166,0.258844986,-0.113907592,0.060389833,0.164125603,0.039706585,8.93,0
1651,1.329657758,-0.93207275,0.597921426,-0.963235754,-1.034998322,0.491462804,-1.332652514,0.371803431,-0.33583375,0.782883843,0.558760982,-1.079023444,-1.425027493,0.082856555,0.921814905,1.707999675,-0.11449396,-0.318337905,0.474869864,-0.001350652,0.390918385,0.982660459,-0.173560928,-0.813549956,0.37116055,0.019539298,0.036035903,0.001420763,19.99,0
1720,1.328181248,0.005283097,-0.091711519,0.149794641,-0.303337028,-0.926846231,0.122929721,-0.211221936,0.39899273,-0.159539609,-0.966389712,-0.277615907,-0.871306172,0.30804233,0.221565903,-0.151358562,-0.027496487,-0.535307866,0.440217185,-0.14284611,-0.122759007,-0.241423251,-0.117648743,0.106396446,0.566982735,1.115290299,-0.099590122,-0.012844731,2,0
1760,-5.149638022,4.261740021,-1.04311226,-2.872586028,-0.970561916,2.037713646,-4.472908941,-14.89265681,1.713549664,0.090611506,1.451728963,1.805170143,-1.685060208,1.308129939,0.32122309,-0.769013778,1.202187665,0.191806635,0.202331977,-3.235392503,14.71821159,-4.432105603,2.075999475,-0.025097592,0.042431668,-0.045873613,0.619351182,0.287508662,4,0
1803,-0.976212159,0.749301002,0.896239301,0.345650374,1.987479475,5.137143334,-0.493097011,-0.788787911,0.979292752,0.317457571,-1.001042228,0.208422304,-0.507474777,-1.07414556,-1.352851092,-1.169625358,0.296317163,-0.191950452,2.013076447,0.010808369,0.95680533,-1.373207003,-0.008418833,0.977355493,0.153424893,-0.438272513,0.075609701,-0.257828922,44.4,0
1848,1.123802705,-0.517304876,0.351659654,0.114754049,-0.646734371,0.132072163,-0.506592281,0.345754598,0.833087662,-0.090827722,0.512982946,-0.50379881,-3.153399893,0.682404202,-0.1810465,-0.019339235,0.171557384,-0.333309409,0.488296913,-0.226891374,-0.267535909,-0.832262776,0.077053739,-0.335635819,0.046443086,0.880638589,-0.079966515,-0.011585304,39.95,0
2006,-1.376470234,0.389820742,0.010755349,-1.220175846,1.835575373,4.158176734,0.798982779,-0.427113536,0.271014618,0.534806324,-0.042207111,-0.482265252,-0.00822424,-0.423577145,1.279424053,0.541597283,-1.168574936,0.435306541,0.247031579,-0.089080255,0.475676719,-0.190252298,0.186666905,1.029450105,0.136860254,0.306358627,0.291526586,-0.355171369,189.49,0
1309,-0.471180576,1.031299388,1.679189455,-0.103399685,-0.078651409,-0.677401712,0.640968045,0.042289547,-0.735607744,-0.157348474,1.556353339,0.9377576,0.346632869,0.264348611,0.084858071,0.315103647,-0.594683394,0.023304663,0.223152137,0.131612996,-0.157232635,-0.408930807,-0.011838484,0.528152671,-0.236246315,0.039610537,0.264228748,0.113889628,3.99,0
1323,-0.492489572,1.23746291,1.881120175,2.040716122,0.501344829,0.190603081,0.617261802,0.132824371,-1.750665634,0.528656064,0.864480106,0.357151625,0.358372022,0.352391861,0.004405566,0.673972286,-0.770251498,0.358639807,0.333671059,0.090259017,-0.106551187,-0.452868278,-0.049856309,-0.034577022,-0.31629123,-0.207744432,0.099829908,0.121473154,12.09,0
1347,-0.891261169,1.078231597,1.475847873,-0.201936202,-0.056193177,-0.262651199,0.450675113,0.230522195,-0.269481559,0.25924458,1.574622401,0.300048486,-1.042680966,0.457450893,0.513570865,0.057209242,-0.25563585,-0.280853748,-0.147459287,0.101904469,-0.1662952,-0.423948592,0.088917595,0.174408933,-0.3052815,0.068048996,0.253458788,0.158595707,4.49,0
1366,-0.722356943,1.029177877,1.084479264,-0.863463723,0.279742091,-0.437384859,0.734814367,0.02318714,0.290326474,-0.347828559,-1.497268068,-0.306320537,-0.278796518,-0.172717921,-0.190989011,0.229203677,-0.588624824,-0.292374825,0.064989322,0.149016122,-0.282505842,-0.575762018,-0.170050899,-0.448930532,-0.062081509,0.350951656,0.406299113,0.231771893,5,0
1395,-0.792839369,1.098424035,0.617479133,0.707670169,0.940218751,-0.439779898,1.735843313,-0.728396902,-0.135613827,0.92731157,1.616192263,0.161856239,0.1444656,-1.382002927,0.433858963,-0.071345387,0.001203444,0.897517068,0.688854907,0.629017074,-0.217902344,0.272610294,-0.230940971,-0.079605685,-0.10681859,-0.422594251,0.158895773,-0.223085834,92.3,0
1409,1.138784522,-0.099399335,0.464924734,0.818293284,-0.453076763,-0.248067696,-0.111776703,0.035021552,0.561227007,-0.22950884,-0.55808325,0.195655819,-0.738968673,0.101336164,0.119727233,-0.539555634,0.350488345,-1.073243471,-0.143497178,-0.143277073,-0.196775192,-0.440876012,0.028348011,0.101213698,0.348649214,0.298016875,-0.015217022,0.012559627,32.52,0
1431,-0.160686733,-0.201776798,1.620484728,-0.848565394,-1.26768722,-0.660693245,0.11183387,-0.114997841,-0.87212728,0.133264469,-0.650740246,0.160477197,0.846355701,-0.506982734,-0.04496917,-1.614075707,0.118050063,1.185096801,-0.783946219,-0.266237473,-0.043921375,0.399756173,0.275484134,0.758970096,-1.066315516,0.725576606,0.171916096,0.219947963,85.11,0
1444,-0.960402766,1.355315886,2.501171336,3.036488456,-0.712819502,1.057343485,-0.518910757,0.927235393,-0.656638792,0.277072241,-1.10968171,-0.273956038,-0.65390091,-0.065020013,0.185245716,-0.559372019,0.954904218,-0.408461346,0.855585048,0.080619351,-0.127067726,-0.131586666,-0.114278998,0.070170656,0.007569843,0.245045454,0.261885825,0.093202597,0,0
1477,-4.481162518,2.353595327,2.34031065,-0.921434272,0.124871851,0.507163932,1.733119564,-2.881355947,4.53572544,5.784123396,-0.169722484,-1.3036128,-0.962991298,-3.655868145,0.760297046,-1.020968502,-1.389740847,-0.403361594,0.38369462,0.452072523,-0.18142529,0.029524613,-0.392381837,0.018946459,-0.177338782,-0.262409852,-5.336289424,-1.406064046,19.69,0
1504,-1.147502926,1.1879554,0.879960213,-1.506275678,-0.323016911,-0.8694814,0.419843571,0.107034307,1.089485015,0.514806254,-1.121514994,-1.062227871,-1.562736783,-0.095183774,0.803638797,0.777246249,-0.858292381,-0.058655143,-0.635029595,0.335454518,-0.312369301,-0.518103785,-0.060559883,-0.170313803,-0.113214045,0.720927868,0.027003929,-0.265341455,3.84,0
1529,-0.937273728,0.641167585,2.777052155,-0.154005799,-0.008161962,0.385699707,0.409261405,-0.087184996,0.42810871,0.27477779,0.880864565,0.905588999,0.671516118,-1.010865577,-0.618402697,0.091457752,-0.747346891,0.377473222,0.578906772,0.45839842,-0.192636736,0.160476213,-0.292018837,0.045204724,0.294085431,0.320501935,0.095166595,-0.269471469,4.99,0
1542,1.194909904,0.093866947,-0.073016385,1.008537893,0.454666352,0.809557431,-0.069581554,0.219049311,0.146503285,0.050628363,0.07705058,0.707209752,-0.246697336,0.240373436,-0.682462961,-0.174301528,-0.39821748,-0.071706655,0.362233515,-0.146902556,-0.126804572,-0.180904287,-0.220109711,-1.134722876,0.779307152,-0.257531618,0.032097533,-0.005675909,13.08,0
1573,-2.258101553,1.306718646,1.390339051,1.568776137,-1.087488666,0.699806083,-0.553314616,1.076075586,1.224964017,0.376854155,-1.463998859,0.301090241,-1.207377104,-0.41596064,-1.191394457,-1.472485555,1.414931272,-0.947143933,1.224985853,0.175870141,-0.471113779,-0.64193878,-0.02786386,0.060606104,0.069984667,-0.387541467,0.296021318,-0.09512561,18.78,0
1592,1.155660993,0.188130193,0.890634747,2.543258782,-0.278976315,0.51757884,-0.39984836,0.15041593,0.082732318,0.519637859,-1.768592132,-0.248728354,-0.015720859,-0.344341143,-0.345581863,0.700026167,-0.648121998,0.157537122,-0.55593105,-0.103805084,0.023486294,0.198198367,-0.213317014,-0.437589871,0.631550597,0.200267508,0.02382665,0.022770458,24.26,0
1609,-3.098866153,2.657326027,0.723330157,2.662524748,-0.034731314,2.37484039,-2.393088177,-9.040936717,-0.127072184,1.386065281,-1.636958084,-0.443909101,-1.233307953,0.030946076,0.163352541,-0.126559176,0.276337398,0.052005295,1.183513608,0.616477842,0.093505721,-0.686806758,0.763177525,-0.578915495,-0.446730312,-0.057941573,-0.812171946,-0.163850435,37.64,0
1630,-0.894250109,0.599228782,1.229747505,0.062300147,0.294846044,-0.836550175,0.490236169,0.062385527,-0.494916138,-0.202534911,1.430078539,0.398760437,-0.338836496,-0.200127792,0.27616817,0.607617967,-0.240444651,0.415017825,0.244262822,0.020562894,-0.23156964,-0.572177371,0.38499166,0.258844986,-0.113907592,0.060389833,0.164125603,0.039706585,8.93,0
1651,1.329657758,-0.93207275,0.597921426,-0.963235754,-1.034998322,0.491462804,-1.332652514,0.371803431,-0.33583375,0.782883843,0.558760982,-1.079023444,-1.425027493,0.082856555,0.921814905,1.707999675,-0.11449396,-0.318337905,0.474869864,-0.001350652,0.390918385,0.982660459,-0.173560928,-0.813549956,0.37116055,0.019539298,0.036035903,0.001420763,19.99,0
1720,1.328181248,0.005283097,-0.091711519,0.149794641,-0.303337028,-0.926846231,0.122929721,-0.211221936,0.39899273,-0.159539609,-0.966389712,-0.277615907,-0.871306172,0.30804233,0.221565903,-0.151358562,-0.027496487,-0.535307866,0.440217185,-0.14284611,-0.122759007,-0.241423251,-0.117648743,0.106396446,0.566982735,1.115290299,-0.099590122,-0.012844731,2,0
1760,-5.149638022,4.261740021,-1.04311226,-2.872586028,-0.970561916,2.037713646,-4.472908941,-14.89265681,1.713549664,0.090611506,1.451728963,1.805170143,-1.685060208,1.308129939,0.32122309,-0.769013778,1.202187665,0.191806635,0.202331977,-3.235392503,14.71821159,-4.432105603,2.075999475,-0.025097592,0.042431668,-0.045873613,0.619351182,0.287508662,4,0
1803,-0.976212159,0.749301002,0.896239301,0.345650374,1.987479475,5.137143334,-0.493097011,-0.788787911,0.979292752,0.317457571,-1.001042228,0.208422304,-0.507474777,-1.07414556,-1.352851092,-1.169625358,0.296317163,-0.191950452,2.013076447,0.010808369,0.95680533,-1.373207003,-0.008418833,0.977355493,0.153424893,-0.438272513,0.075609701,-0.257828922,44.4,0
1848,1.123802705,-0.517304876,0.351659654,0.114754049,-0.646734371,0.132072163,-0.506592281,0.345754598,0.833087662,-0.090827722,0.512982946,-0.50379881,-3.153399893,0.682404202,-0.1810465,-0.019339235,0.171557384,-0.333309409,0.488296913,-0.226891374,-0.267535909,-0.832262776,0.077053739,-0.335635819,0.046443086,0.880638589,-0.079966515,-0.011585304,39.95,0
1861,1.13827096,-0.136941502,0.583512454,0.731683008,-0.444072869,0.18303467,-0.351712323,0.217427222,0.445246683,-0.071200044,1.02924302,0.925732569,-0.76931793,0.15305403,-0.78258608,-0.432881239,0.150718907,-0.442813727,0.123251045,-0.181791267,-0.01613586,0.170774586,-0.064564826,0.075631406,0.463156349,0.4522118,-0.007233784,-0.003888525,6.99,0
1889,-1.823813146,1.512514994,2.374475287,3.00694311,-1.237843837,0.95936086,-0.646261145,0.880435257,-0.184697657,1.292059885,0.449758269,0.455079291,-0.635538039,-0.314306156,-0.981610683,-0.300992579,0.525119823,0.712818281,1.280396499,0.307970065,0.154300329,0.80297803,-0.273087174,0.573943607,0.374765723,0.496034446,0.19577342,0.246615853,29.95,0
1925,-0.473114915,0.996274855,2.493954472,3.11574996,-0.480267471,0.507490069,-0.095556088,0.360577676,-0.610364214,0.706386791,-0.409234177,-0.330521714,-0.651255322,-0.159777768,0.553815972,-0.727546747,0.768678315,-0.312009113,0.333447343,0.186629945,0.199908096,0.900588483,-0.065818921,0.637143926,-0.447662662,0.344692839,0.447277682,0.222930611,8.34,0
1965,-0.719145568,0.783812717,1.775892656,0.079051083,0.34320262,-0.114907202,0.822625576,-0.171001329,0.054662409,-0.21460033,-0.391389666,0.499992118,0.511961032,-0.53880126,-0.199736883,-0.835988752,0.186138307,-1.100146268,0.034190889,0.158722431,-0.187615244,-0.08446895,-0.160515117,0.132860277,-0.101044511,0.22580882,0.047634015,-0.043690375,20.02,0
2006,-1.376470234,0.389820742,0.010755349,-1.220175846,1.835575373,4.158176734,0.798982779,-0.427113536,0.271014618,0.534806324,-0.042207111,-0.482265252,-0.00822424,-0.423577145,1.279424053,0.541597283,-1.168574936,0.435306541,0.247031579,-0.089080255,0.475676719,-0.190252298,0.186666905,1.029450105,0.136860254,0.306358627,0.291526586,-0.355171369,189.49,0
2029,-12.16819237,-15.73297409,-0.376474406,3.79261341,10.65865411,-7.465603306,-6.907038408,1.573721721,0.058163737,-0.421880646,1.034539875,2.158435277,0.384869771,1.586790318,-0.155446084,-0.394042623,0.510809934,-0.412623108,-1.097990042,4.469094909,1.66020865,-0.910516272,0.010468263,-0.097246203,-0.329918081,0.225916047,0.201801764,-2.368534041,120,0
2101,-1.636712691,-0.362422067,1.046993834,-1.733142344,0.853060671,-1.596914483,0.950393319,-0.475978639,0.931077223,-0.9183111,0.349466871,0.833345005,0.555279844,-0.15371254,1.138499086,-0.947626035,-0.278167678,-0.615287891,-0.449440128,-0.454890526,-0.027938751,0.915911704,0.694910923,0.423069264,0.213827219,-0.801941499,0.263801524,-0.194232964,1,0
2112,1.255085636,0.272790099,0.282672668,0.704559546,-0.471916472,-1.099930435,0.011119757,-0.140339811,0.201878058,-0.249896781,-0.256753332,-0.36003008,-0.892989607,-0.064773494,1.216721747,0.530984758,0.058741938,-0.161935271,-0.190985102,-0.152055919,-0.300340264,-0.921623863,0.142634658,0.314745132,0.178141378,0.098131743,-0.030423868,0.028455479,1.98,0
2159,-0.426658795,0.741785263,1.637755752,-0.045960765,-0.153822094,-0.715091247,0.586828732,0.070766529,-0.61501874,-0.299970006,1.233367174,0.086774825,-1.230943139,0.640853673,0.201647968,0.376209777,-0.515519997,0.248560825,0.270959811,-0.076698187,-0.077483117,-0.397467975,0.091281278,0.488264962,-0.66697158,-0.025098594,0.083466625,0.138710435,17.99,0
2213,-0.242858043,0.668693281,1.679167386,1.098382592,0.470291192,0.00161197,0.889939616,-0.33275378,0.24978909,0.23338585,-0.745456832,-0.787703783,-1.703917769,-0.123288174,0.236670048,-1.206776608,0.376873576,-0.590218024,0.460861522,-0.036159128,-0.078689764,0.253596022,-0.172602823,0.057434748,-0.394462036,-0.383128213,-0.275169658,-0.282527495,1,0
2270,-2.17119306,1.521295902,0.698043219,1.480960107,-1.096510937,1.118979576,-1.113668048,1.813104965,0.677597637,-0.486619402,-2.470654195,0.325616353,-0.875231909,0.15079079,-1.252471066,-1.016529687,1.399298801,-0.589979913,1.540106819,0.038157825,-0.375000387,-0.81085403,-0.067813399,-0.79421762,0.187681791,-0.302539046,0.290136661,0.070180361,21.97,0
2362,-0.733359727,0.082860782,2.184977535,-0.146467073,0.755273813,1.241930301,-0.047770999,0.426441732,0.466146067,-0.53032676,-0.357196785,-0.147075645,-1.091356363,-0.363572131,-0.568122911,0.511985858,-0.960317955,0.613590927,-0.286988083,-0.031619677,-0.078964727,-0.08728478,-0.377572221,-1.353055655,0.52155292,-0.41478782,-0.149892626,-0.255959396,12.99,0
2416,-1.492966042,0.306059834,2.664240357,1.690152861,-1.390166402,1.232923581,-0.928290331,0.935367865,1.147115494,-0.628704796,-2.223564773,0.120236577,-0.369134817,-0.95846173,-0.958032398,-0.565822835,0.637993457,0.59878322,1.393894613,0.077780574,0.10493904,0.736507334,-0.484547502,-0.068440369,0.487415317,0.122454621,0.252813935,-0.010792681,80,0
2430,-0.55534917,1.128838975,0.456780608,-0.556072987,1.096593747,0.772094619,0.480358888,0.328515093,-0.361464608,-0.07732018,0.201857758,0.185973161,0.413105452,-0.396809031,0.57829613,0.765935869,-0.606723069,0.444439049,0.461096664,0.286718034,-0.326456468,-0.796555803,-0.196584804,-1.762968155,0.023592046,0.195661435,0.360788676,0.13449174,5.85,0
2440,1.353860566,-0.032019762,-0.231380699,-0.985984637,-0.306867859,-1.201003649,0.158250209,-0.297714539,1.094657736,-0.918311175,-0.618159387,0.379830888,-0.028285347,0.436737131,1.617202415,-0.507005446,-0.35461472,0.153073271,0.719482146,-0.117329001,0.007810261,0.169402855,-0.202699967,-0.095335215,0.865338644,-0.569660993,0.038569265,0.012427203,1,0
2480,0.135127808,-2.31339694,0.788457007,1.182731714,-1.816050312,0.820220677,-0.420750758,0.238282058,-0.42495951,0.483783748,0.899336728,1.054552116,0.019357028,-0.232713013,-0.990587865,-1.744586544,0.339223147,1.133184811,-1.105765166,0.480446986,-0.130913387,-0.848883351,-0.320156326,0.210445272,-0.007321784,-0.49549958,0.009594913,0.121106434,536.77,0
2526,-0.722622656,0.377787487,2.582961329,-1.212428401,-0.49230416,-0.100147364,0.291893045,0.103503056,0.526962411,-0.57868434,0.872479439,0.665181926,-0.360559844,-0.612470841,-1.056411588,0.476981105,-0.710187072,0.173226645,-0.159941964,0.135487947,-0.088355069,0.087638043,-0.19311869,0.383240944,-0.155714192,0.804455149,0.09056337,-0.081207654,16.66,0
2579,1.075183766,-0.548171298,0.400196752,0.222458115,-0.825992703,-0.449382291,-0.257455164,-0.04396189,0.787786038,-0.265763814,-1.10412279,-0.267272065,-0.658694337,0.012754471,0.608913659,0.328012221,-0.266141819,-0.161334435,0.278880572,0.110887942,-0.047667246,-0.28394123,-0.143160797,-0.05391145,0.264154064,1.036210128,-0.084159388,0.020491939,115,0
2633,1.140212719,0.1454441,0.349803496,1.176915934,-0.408989811,-0.716541162,0.060758325,-0.026668313,0.20452767,0.010074366,-0.161959928,-0.496852969,-1.728468877,0.770258146,1.331367406,-0.258688468,0.065879907,-0.50051005,-0.846915948,-0.25337601,0.069092026,0.15575149,-0.026102371,0.368368946,0.508387943,-0.315411061,0.016250206,0.02002624,23.41,0
2663,0.131111724,-2.09161413,0.652668446,0.644675974,-1.544849973,0.524519755,-0.179609886,0.217029774,1.215667256,-0.755492077,-0.151855118,0.53019598,-0.692968773,-0.233499106,0.313966399,-0.71066402,0.880343093,-1.469956832,-0.538620859,0.826382841,0.140349945,-0.437949256,-0.253328198,0.177212823,-0.261956187,0.930358016,-0.099101289,0.096771267,510.15,0
2745,0.19729855,-2.774905421,0.884503323,0.127284001,-2.229264937,0.625541624,-0.771805898,0.144470534,0.368136558,0.020871228,-0.695044913,0.044329195,0.434977538,-1.092861248,-0.51625458,0.551930385,0.98021841,-1.628509915,0.285035711,1.170413012,0.542323123,0.605694762,-0.543114024,0.182907451,0.168766947,-0.103330306,-0.010713247,0.122765023,566.15,0
2787,-0.402593666,0.547374812,1.040719413,-2.068022967,0.214318016,-1.073379962,0.986795311,-0.213034503,1.073888691,-1.146507982,-0.394025784,-0.547461924,-1.848495667,0.428916158,1.312302249,-0.798101283,-0.199596999,-0.209078215,-0.449111308,-0.104956861,0.069584539,0.537239679,-0.247069117,0.035645078,-0.054308923,-0.80438383,0.244815113,-0.020547443,1,0
2807,1.217584194,-0.188192197,0.033624419,-0.976724068,-0.497704593,-0.832697942,-0.078566683,0.002520724,0.941648522,-0.763850577,1.751230194,0.828606228,-1.302671078,0.912133688,1.232194998,-0.758709362,-0.011901754,0.098878804,0.393046398,-0.227835296,0.121266077,0.439836373,-0.086256694,0.214833373,0.633266212,-0.597460449,0.045310765,0.003710642,1,0
2833,1.232826858,0.494090713,-0.627687203,0.839234203,0.156776907,-1.026096595,0.225996426,-0.090047924,0.067775097,-0.710447233,0.146814244,-0.895909277,-1.684611084,-0.955057575,1.393020919,0.332072355,1.405468446,0.010231568,-0.7141178,-0.203024505,-0.144398523,-0.400420217,-0.034893903,-0.080941201,0.444532419,0.403869295,-0.024504977,0.036082473,0.76,0
2868,-2.848828256,2.180851112,-0.086001771,0.031600637,-0.844703147,0.963100665,-1.116941039,2.314454754,-0.180393903,-0.637365224,-0.123382058,1.222923668,-0.148223638,1.034967422,0.550194503,-1.346183273,2.036735851,-2.4647056,-1.397585334,-0.115301187,0.031782618,0.15245658,0.234905742,-0.626756783,-0.135518084,0.369610785,0.207653177,0.078111785,5.3,0
2911,-0.29987627,0.620890289,0.731033336,-2.221613026,0.494987374,-1.047778543,1.091208391,-0.335190933,1.035748522,-1.12043355,-1.253767828,-0.560533194,-1.025520905,0.219655779,1.049727203,-0.291742166,-0.820478741,0.433073534,0.221058641,-0.003968033,-0.005659973,0.322075958,-0.388181008,-0.475555168,0.152695479,-0.784250957,0.23152196,-0.024235441,1,0
2923,-0.402593666,0.547374812,1.040719413,-2.068022967,0.214318016,-1.073379962,0.986795311,-0.213034503,1.073888691,-1.146507982,-0.394025784,-0.547461924,-1.848495667,0.428916158,1.312302249,-0.798101283,-0.199596999,-0.209078215,-0.449111308,-0.104956861,0.069584539,0.537239679,-0.247069117,0.035645078,-0.054308923,-0.80438383,0.244815113,-0.020547443,1,0
2989,-0.469172787,0.745574362,2.832880948,2.448910001,0.161248904,1.094862216,0.231982031,-0.309860265,-0.067091192,1.60681604,1.417442158,0.55780601,0.107226063,-1.040250524,-0.376714797,-0.294573852,-0.319869234,-0.092221101,0.090228628,0.104645551,0.01948286,0.577923652,-0.109420685,0.226820179,-0.798852626,-0.123180147,-0.880546528,-0.580706494,0,0
3010,-0.30252069,0.447473606,-0.495757488,-3.214799282,2.705041053,2.762439585,0.593846555,0.556451026,0.697719596,-1.090180906,-0.111087964,0.062652347,-0.238457031,0.215738139,1.069355893,-0.255230525,-1.072084985,0.485110432,0.271314885,0.156089011,0.007342803,0.250885695,-0.331599689,1.00995228,0.23373018,-0.824470557,0.241305213,-0.020358638,1,0
3029,-0.30252069,0.447473606,-0.495757488,-3.214799282,2.705041053,2.762439585,0.593846555,0.556451026,0.697719596,-1.090180906,-0.111087964,0.062652347,-0.238457031,0.215738139,1.069355893,-0.255230525,-1.072084985,0.485110432,0.271314885,0.156089011,0.007342803,0.250885695,-0.331599689,1.00995228,0.23373018,-0.824470557,0.241305213,-0.020358638,1,0
3073,1.188738816,-0.110924628,-0.247422661,-0.056450065,-0.230669261,-0.88473466,0.252123219,-0.107019472,-0.128072061,0.071498491,0.968909626,-0.024447058,-1.621852962,0.978852738,0.291895631,0.402306073,-0.446079103,-0.188215191,0.685255905,-0.053186526,-0.339530238,-1.248045616,0.070857708,-0.003754131,0.14876579,0.706721706,-0.132117012,-0.008133729,58.92,0
3218,1.065388176,1.11595298,-1.435865394,1.828316162,0.551806414,-2.096343858,0.925092113,-0.471862193,-0.575862325,-1.602296054,1.39314629,-0.007952112,0.334471463,-3.439449774,0.980825915,0.864270193,2.871773545,1.106965263,-1.066323876,0.134680499,-0.12351691,-0.40156402,-0.215492387,0.611963302,0.777590589,-0.337104817,0.030070623,0.116642029,76.18,0
3263,-0.104979197,0.326376392,0.20802233,-1.892027248,0.237738319,-1.023539318,0.68044352,-0.20941812,-1.704675946,0.533232726,0.99411114,0.219665334,0.838209683,-0.024492454,-1.180381542,1.137233583,-0.356103016,-1.00060873,0.34105085,0.226259455,0.380916791,1.103478731,-0.058096981,0.060991719,-0.585919818,-0.424593258,0.424715977,0.268164165,25,0
3322,1.26340649,0.109767773,-0.128440035,1.016843183,0.302918995,0.422602858,-0.048695224,0.130475582,0.265353793,0.117799759,-0.428557779,0.204611867,-0.862297227,0.33218638,-0.848853031,0.203779436,-0.707623668,0.519391678,0.798953516,-0.165539105,-0.178495562,-0.380626355,-0.260155701,-1.04726891,0.857085799,-0.271820442,0.012324077,-0.006898841,6.57,0
3389,-0.621270567,-0.078316766,2.226182223,-1.841499094,-0.876552492,-0.626643952,-0.274107109,0.280121818,1.571786202,-1.634862623,-0.433248423,-0.585332787,-2.295620312,0.166769568,1.607744885,-0.844593559,0.48736213,0.096767046,0.429047342,-0.154288095,0.227879779,0.770434273,-0.212902559,0.42557444,-0.091546707,0.109122325,0.123544955,0.103962742,0.01,0
3522,-0.54681336,0.774256072,1.25508718,0.153645739,-0.3018738,-0.584953417,0.863712099,0.084486586,-0.273216709,-0.598683419,0.095073538,-0.551312503,-1.150872011,-0.132670942,1.259974712,0.070079463,0.467287502,-0.511403042,-0.585660619,0.182419015,-0.177996002,-0.619321085,0.272364252,0.305450833,-0.282373731,0.082656348,0.224664213,0.101783972,89.99,0
3636,1.318606687,-0.588490269,-0.417384702,-0.611039352,-0.401806711,-0.496067078,-0.263576014,-0.208734317,0.155976681,0.535257151,1.159993718,-3.021012338,0.539499594,2.174590108,-0.598730894,-1.095574771,0.359315752,1.95740581,-0.286945132,-0.447977302,-0.492932388,-0.919356338,-0.171683203,-0.548910842,0.442928323,1.111048651,-0.137798693,-0.020593541,73.9,0
3735,1.442734559,-0.615451069,-0.891079449,-1.633735751,1.479398487,3.267037984,-1.198806197,0.715915452,0.362631508,0.291993327,1.00921308,-3.174220416,1.865356057,1.40768096,0.257162062,1.530780467,0.445431309,-0.870221155,0.773425452,0.178430365,-0.291090593,-0.886952271,0.100125769,0.918921888,0.364895322,-0.506096601,-0.01588247,0.011710444,20.54,0
3748,1.239311539,-0.603551152,0.605626697,-0.456759735,-0.954768636,-0.513027274,-0.655739051,-0.132276151,0.554964103,0.175946603,0.925447828,-3.160464159,1.43653161,1.399720107,0.379336427,0.940942549,1.251760457,-1.695968842,0.028451274,0.103147131,-0.18279597,-0.534497159,0.123466585,-0.007828964,0.097114608,-0.496269422,-0.015029671,0.023572622,74.62,0
3753,1.355992797,-0.7587865,-0.94142624,-1.597263139,1.435116015,3.283196008,-1.139224756,0.704261482,0.35734291,0.271080526,1.009856368,-3.172371042,1.873361126,1.417846141,0.262810458,1.536702532,0.446762464,-0.861021716,0.759084831,0.269867431,-0.263884298,-0.910649955,0.060550931,0.921225818,0.348409143,-0.510885288,-0.024366188,0.01952833,65.44,0
3757,1.196322273,-1.022632232,-1.034102461,-1.530125915,1.353602736,3.312939008,-1.029549787,0.682809354,0.347607884,0.232585137,1.011040507,-3.168966794,1.888096515,1.436557771,0.273207783,1.547603616,0.449212797,-0.844087784,0.732687227,0.438180873,-0.213804114,-0.954271639,-0.012296738,0.925466795,0.31806209,-0.5197001,-0.039982654,0.033919161,148.09,0
3763,1.412861071,-0.526764369,0.34250803,-0.664612741,-0.671200516,-0.156357151,-0.857249718,0.015485965,0.837946223,0.250585541,0.021539274,-4.195369148,0.061311667,1.638427224,0.587901227,1.213974654,1.071371597,-1.289516155,0.332323471,-0.099120262,-0.286382395,-0.75641486,0.108072163,-0.778382853,0.166956369,-0.439472061,-0.013641391,0.001878375,10.66,0
3766,-1.253222363,-1.013146251,0.18258971,-0.675116613,-4.815889212,3.187272001,4.915488958,-0.94546948,-0.634812281,-0.545207908,2.531935648,-3.182088013,2.01457463,1.093200716,0.03039707,1.197561198,0.83756372,-0.770610381,1.194274066,0.483925636,-0.200002236,-0.12372802,0.780260541,-0.36946793,-0.167747696,-0.429373023,0.253117537,-0.408527415,1176.22,0
3782,0.988814866,-0.995465738,0.250333614,-0.2032821,-1.204635277,-0.984541055,-0.187304479,-0.372302456,0.400695611,0.21083678,0.432077449,-2.780469476,1.658462119,1.678194229,0.184724403,-1.234437784,0.730928433,1.049878319,-0.931778691,-0.107616187,-0.615974044,-1.574037193,0.018414436,0.326821746,-0.050870649,0.75629347,-0.129499928,0.040412847,220.32,0
3867,-4.251324093,3.621090181,0.497893734,-2.236008614,-0.282552218,-0.385654275,0.751458262,-0.177719549,4.425214282,4.649105885,3.10734049,-1.532375721,2.148385795,-0.29308773,-0.412152179,-0.180158475,-0.404706244,-0.450980941,-1.402186777,2.209137143,-0.867589392,-0.242020701,-0.003424471,-0.056461053,0.188576171,0.538435849,0.136181799,-0.915232108,0.92,0
3980,-0.831682774,1.600307548,1.395368416,0.453965642,0.081370696,-0.847970923,0.717814243,-0.370200975,1.434829759,0.236111596,0.825445359,-2.957853704,1.309575305,0.788858079,0.610734004,-0.04857482,0.880172063,0.225581242,0.338013681,0.435597134,-0.473444239,-0.767178686,0.022050164,0.263935416,-0.484123216,0.06550531,0.241209691,0.109368842,2.15,0
4033,-1.251218861,1.856398313,0.36546295,0.182017375,-0.288731991,-0.751442084,-0.087688836,0.726449235,0.740137725,-1.032859396,0.03174034,-2.282844344,2.258365838,1.481888514,0.106572932,0.724928107,0.857317184,0.337304347,-0.135608524,0.027159761,-0.389371489,-1.002360198,0.039093172,-0.261534608,-0.005155105,0.074178121,0.080339214,0.010117106,11.99,0
4166,1.162429433,0.256866745,0.729877753,0.70844346,-0.275434058,-0.27151251,-0.218028013,-0.004314697,1.077222189,-0.307154535,2.806381571,-1.382978563,1.65198237,1.943550394,-0.151184102,0.125655197,0.420416383,-0.269079756,-0.466869537,-0.173865451,-0.316959085,-0.679639602,0.19233328,0.153432148,0.058592099,0.056108396,-0.043956103,0.000769092,1.98,0
4265,1.098433824,0.346104098,1.543631997,2.801219035,-0.394847435,0.811054609,-0.653990881,0.209970141,1.130250014,0.200246506,1.409391979,-1.144447073,2.491149268,0.905699578,-2.41785871,0.558318985,0.1130724,0.312744744,-0.405796392,-0.133073458,-0.310044289,-0.419574055,0.010541686,-0.032385576,0.34294049,-0.130497795,0.017850509,0.016334355,3.04,0
4361,-0.462541572,1.221322341,2.238630386,2.16401326,0.230707622,0.324122247,0.488758027,0.116491331,0.085296653,-0.149816201,1.667683878,-1.742632623,1.788621475,1.338864822,-2.330293841,0.320201002,0.238304242,0.2159003,-0.336318761,-0.096203549,-0.298733862,-0.577758704,-0.058244115,0.240871956,-0.12655016,-0.278713828,0.030032311,0.051913748,14.41,0
4421,-0.404871382,0.962880049,2.024031926,0.538593057,0.086828738,-0.047611381,0.552896946,-0.399335145,1.374023832,-0.474412931,0.157234613,-2.013178521,2.683631439,0.712487353,-0.707422457,-0.52980883,0.651831343,-0.27643178,1.014546385,0.098265185,-0.442755915,-0.741256957,-0.043124074,0.015862822,-0.589161497,0.139594219,-0.3311266,-0.083724118,11.99,0
4287,-2.504246684,0.322388283,0.063119858,-0.560415728,-0.774922028,-0.364933919,-1.027638635,1.162736604,1.973301503,-2.093844094,-0.267696726,-1.707692398,1.834413038,2.305803195,0.74224785,-0.822430897,1.526301341,0.381781427,1.09996254,-0.357337914,0.123918063,0.216733074,-0.458037239,-0.448235413,-0.123919251,-0.620879804,-0.519041031,-0.257017258,5,0
4550,-0.668847208,0.192082859,2.560111093,-0.892411499,-0.046206911,-0.329043451,0.503749155,-0.405028794,1.792504058,-0.740260746,2.119887584,-1.616294104,1.716187998,0.613010666,-1.995425027,0.109164237,-0.004334376,0.352536638,-0.456572613,0.017636081,-0.027075946,0.579170511,-0.241759013,0.579289143,-0.327490484,0.835289182,-0.45576858,-0.311448084,29.97,0
4698,-3.573092654,2.47944402,0.358356068,-0.888823767,-1.486608909,-0.681935899,-0.394603717,0.8535883,3.030602144,1.173303606,0.10439367,-1.469981677,2.696267122,0.685275723,-1.257086184,0.176199793,0.639136339,-0.163089088,-0.869458657,0.859652673,-0.295536138,0.190967335,-0.127648949,0.433499094,0.349885476,0.990841586,0.948827395,0.760082402,41.58,0
4814,-2.090092597,1.02628819,1.857808439,1.443713495,1.118915957,0.243116524,0.353636356,0.365639013,-0.125996649,0.090048179,1.92976379,-1.917990816,1.97265342,1.680300275,-1.150042445,0.929876988,-0.218229248,-0.012072098,-1.524447947,-0.329878918,-0.402916718,-0.710010895,0.225826405,-0.414034535,0.33512127,-0.366759659,-0.173759294,-0.274108649,0.9,0
4958,1.138737127,0.314064563,0.501600642,1.293445079,-0.123573546,-0.410397319,0.023003451,-0.128691992,1.343848849,-0.429904226,0.756805208,-2.36436006,1.26052389,1.910718835,0.492157887,-0.170750076,0.597666367,-0.456187523,-0.845198694,-0.183168534,-0.284992582,-0.611244235,0.066572317,-0.019828358,0.353403936,-0.563076098,0.000764409,0.020592514,33.11,0
5034,-0.963811553,0.841402242,2.13016368,-0.593839979,0.179710494,-1.032172433,1.050798547,-1.012025726,1.84235804,0.436703749,1.399875425,-1.991876104,3.005750847,0.36144558,0.233258827,-0.201331217,0.054373317,-0.371938746,-0.139080385,0.28957115,-0.375531392,-0.000913394,0.150640306,0.742658738,-0.623295824,0.66119512,-0.432109919,-0.4327525,6.65,0
5199,-0.950243885,1.404302221,1.47899693,-0.56292735,1.366714612,0.434257605,1.533311328,-1.043814982,2.614055635,2.077500837,2.439928273,-2.905145972,1.058634713,-0.308906979,0.095580448,-0.062672881,-0.180019308,0.289370204,-0.15894485,1.097074973,-0.863596656,-0.809568515,-0.266248707,-0.993003712,-0.090158104,-0.046577156,-0.237118853,-0.931879193,8.92,0
5034,-0.963811553,0.841402242,2.13016368,-0.593839979,0.179710494,-1.032172433,1.050798547,-1.012025726,1.84235804,0.436703749,1.399875425,-1.991876104,3.005750847,0.36144558,0.233258827,-0.201331217,0.054373317,-0.371938746,-0.139080385,0.28957115,-0.375531392,-0.000913394,0.150640306,0.742658738,-0.623295824,0.66119512,-0.432109919,-0.4327525,6.65,0
5199,-0.950243885,1.404302221,1.47899693,-0.56292735,1.366714612,0.434257605,1.533311328,-1.043814982,2.614055635,2.077500837,2.439928273,-2.905145972,1.058634713,-0.308906979,0.095580448,-0.062672881,-0.180019308,0.289370204,-0.15894485,1.097074973,-0.863596656,-0.809568515,-0.266248707,-0.993003712,-0.090158104,-0.046577156,-0.237118853,-0.931879193,8.92,0
5340,-1.548591517,-0.064454295,0.778313962,2.354013593,2.428964577,-0.988154169,-0.578933697,0.059529937,1.122240524,-0.481525286,-0.505067676,-2.821854377,1.808915098,-0.626113677,-2.028127765,1.033619036,1.137655741,0.664256469,-1.395548869,-0.327075334,-0.402470415,-0.53250624,-0.471414785,-0.602374625,0.174808088,-0.096287673,0.321891967,-0.025850052,7.55,0
5442,1.126944623,0.019344709,0.826360744,0.980878846,-0.428494759,0.116260595,-0.403378303,0.092020319,1.636790283,-0.457351501,2.25177206,-1.232984972,1.358655335,1.49595787,-1.593585306,-0.5476331,0.928749775,-0.302028415,-0.161757152,-0.198711542,-0.146885831,0.066695907,-0.034171577,0.222489772,0.42981844,0.399652437,-0.03017195,-0.007206158,6.99,0
5547,-1.421228557,0.052663537,2.658980565,0.80917257,-0.190269563,0.35283473,0.69242351,-0.117842096,1.222816433,-0.518653982,-0.629579208,-3.8414395,0.314972023,0.881303779,-0.975577106,1.256690759,-0.288549365,0.523462678,-1.504268628,-0.213987995,-0.155911481,-0.004346429,0.142031676,-0.17223984,0.326619743,0.887845797,-0.249268179,-0.245227046,144.72,0
5662,1.066598807,-0.008371354,1.618043824,1.697894421,-1.221978508,-0.46272968,-0.623710382,-0.016706323,2.17852148,-0.577352904,0.588329302,-1.992387683,1.310786415,1.167680392,-0.565554706,-0.090952093,0.694900677,0.075266505,-0.622420532,-0.158456064,-0.164792189,-0.096798854,0.052624674,0.848511464,0.301356773,-0.482179165,0.039716784,0.041245602,35.97,0
5733,1.110793937,-0.996146723,1.169253847,-0.324784616,-1.533752561,-0.089935,-1.109510685,-0.110323825,0.954904105,0.127688785,0.105456159,-2.199359285,3.427715089,0.818467165,0.717634804,-0.591867993,0.125370298,1.995389273,-1.245992757,-0.138689865,-0.245878875,-0.178794747,-0.114048879,-0.108032403,0.038729817,0.889747454,-0.031117172,0.044029985,140.2,0
5867,0.713312194,-0.269122336,1.374440866,3.026359782,-0.877090538,0.194119751,-0.313361426,-0.037630094,1.170488091,0.067515209,0.187802619,-2.15094963,2.354028967,1.057799023,-0.633536549,0.757158391,0.1333619,0.318604844,-1.341587767,0.288239195,0.092793872,0.162776161,-0.234148422,0.36034608,0.309038747,0.043089337,-0.025581191,0.06710769,220.89,0
5954,1.087296323,-0.055313648,1.109136861,0.757037114,-0.732289145,-0.026171762,-0.650074701,0.177589593,1.539535151,-0.309126027,2.560907464,-1.982687282,0.661518387,1.93468462,0.223681443,0.439777289,0.350206131,0.250964523,-0.673123382,-0.182150884,-0.143688026,-0.259664248,0.14078292,0.143014866,-0.034791897,0.176080281,-0.030597005,0.009834531,26.11,0
6034,-3.395147937,3.540083361,-0.736089035,0.624312903,-0.800192008,1.632159678,-4.372399618,-9.453691404,-0.048385975,-2.40863658,-0.821854506,-1.365504157,1.635930747,3.400116325,-0.276216199,1.035517419,0.870990212,0.724068445,-0.662514741,1.047351985,-1.570497786,0.133625317,0.869605545,-0.619396053,0.09749659,-0.504312109,-0.319782407,-0.042096673,4.6,0
6182,-1.481484937,1.648191388,0.362125276,0.073766457,-0.343862458,-0.138544254,-0.445085561,1.092798955,0.880826379,-0.726386291,1.755773126,-2.657837338,-0.172285557,2.139813847,-0.096930103,0.663066716,1.08531039,0.587337645,-0.263578818,-0.170955821,-0.30763367,-0.92726718,0.100968226,-0.479200095,-0.227997817,0.067974607,-0.059619209,-0.00033549,8.99,0
6312,-1.153938881,0.386205951,1.581466589,3.647396852,2.837292384,4.606930692,-1.237480332,1.155573141,-0.523588921,1.129876978,0.551903192,-3.376812323,2.028247589,1.467808458,1.3033582,0.855284066,0.115346488,1.352702526,0.887085714,0.303662747,-0.031918538,-0.067604409,-0.206267172,0.949555259,-0.0482595,0.35378972,0.029582618,0.143679266,41.43,0
6481,-1.635962092,1.72005593,0.7155626,-1.24374748,-0.31853675,-0.463286987,-0.142635201,0.860097672,0.656315895,-0.9951093,2.27721318,-0.957776965,2.565145423,2.054963181,-0.966883195,0.488995233,0.408290092,-0.169601591,-0.965754177,-0.08913423,-0.040607849,-0.019092641,0.031373229,0.019482776,-0.292176226,0.730192506,-0.038007642,0.09246566,0.77,0
6622,1.051290899,0.254256431,0.459196689,0.758639263,0.336024986,0.818385963,-0.35091307,0.306708549,1.31012618,-0.838293909,2.094483892,-1.904730137,1.518876578,1.329684253,1.445574548,-0.901850557,2.061631224,-2.050096725,-2.073582491,-0.286905746,-0.300080433,-0.477464168,0.31225404,-0.743345932,-0.172160793,0.165026316,0.020806657,0.012339223,0.89,0
6732,-1.259077135,0.921857341,2.279660333,0.59759231,0.514403777,0.107890165,1.117787138,-0.324714743,-0.002570728,-0.072741031,2.005078109,-2.027125744,2.308125879,1.194212768,-1.31610868,1.221014227,-0.593598076,0.138747705,-0.859660401,-0.211370651,-0.491221908,-1.022947906,0.142213736,-0.049259559,0.02446896,0.446625085,-0.382243081,-0.269859355,73.3,0
